name	entry	size_bytes	decompiled
FUN_00401000	00401000	420	Y
FUN_004011b0	004011b0	30	Y
FUN_004011d0	004011d0	220	Y
FUN_00401490	00401490	49	Y
FUN_004014d0	004014d0	37	Y
FUN_00401500	00401500	37	Y
FUN_00401530	00401530	37	Y
FUN_00401560	00401560	37	Y
FUN_00401590	00401590	37	Y
FUN_004015c0	004015c0	37	Y
FUN_004015f0	004015f0	37	Y
FUN_00401620	00401620	37	Y
FUN_00401650	00401650	37	Y
FUN_00401680	00401680	37	Y
FUN_004016b0	004016b0	54	Y
FUN_004016f0	004016f0	270	Y
FUN_00401840	00401840	30	Y
FUN_00401860	00401860	30	Y
FUN_004018c0	004018c0	90	Y
FUN_00401940	00401940	18	Y
FUN_00401960	00401960	30	Y
FUN_00401980	00401980	11	Y
FUN_00401a60	00401a60	277	Y
FUN_00401b80	00401b80	17	Y
FUN_00401ba0	00401ba0	509	Y
FUN_00401dd0	00401dd0	253	Y
FUN_00401ed0	00401ed0	30	Y
FUN_00401ef0	00401ef0	78	Y
FUN_00401f40	00401f40	95	Y
FUN_00401fa0	00401fa0	70	Y
FUN_00401ff0	00401ff0	770	Y
FUN_00402300	00402300	699	Y
FUN_004025c0	004025c0	21	Y
FUN_004025e0	004025e0	51	Y
FUN_00402630	00402630	20	Y
FUN_00402650	00402650	30	Y
thunk_FUN_0043215d	00402670	5	Y
FUN_00402690	00402690	10	Y
FUN_004026a0	004026a0	14	Y
FUN_004026c0	004026c0	267	Y
FUN_004027d0	004027d0	22	Y
FUN_004027f0	004027f0	30	Y
~CDialog	00402810	5	Y
FUN_00402840	00402840	82	Y
FUN_004028a0	004028a0	87	Y
FUN_00402920	00402920	18	Y
FUN_00402940	00402940	30	Y
FUN_00402960	00402960	11	Y
FUN_004029b0	004029b0	151	Y
FUN_00402a50	00402a50	14	Y
FUN_00402a90	00402a90	301	Y
FUN_00402bc0	00402bc0	14	Y
FUN_00402bf0	00402bf0	90	Y
FUN_00402c70	00402c70	117	Y
FUN_00402cf0	00402cf0	30	Y
FUN_00402d10	00402d10	555	Y
FUN_00402f40	00402f40	118	Y
FUN_00402fc0	00402fc0	140	Y
FUN_00403050	00403050	48	Y
FUN_004030a0	004030a0	36	Y
FUN_004030d0	004030d0	341	Y
FUN_00403230	00403230	325	Y
FUN_00403380	00403380	154	Y
FUN_00403420	00403420	82	Y
FUN_00403480	00403480	558	Y
FUN_004036b0	004036b0	417	Y
FUN_00403860	00403860	271	Y
FUN_00403970	00403970	108	Y
FUN_004039e0	004039e0	504	Y
FUN_00403be0	00403be0	112	Y
FUN_00403c50	00403c50	160	Y
FUN_00403cf0	00403cf0	18	Y
FUN_00403d10	00403d10	358	Y
FUN_00403e80	00403e80	754	Y
FUN_00404490	00404490	1323	Y
FUN_00404a40	00404a40	954	Y
FUN_00404e00	00404e00	102	Y
FUN_00404e70	00404e70	59	Y
FUN_00404eb0	00404eb0	59	Y
FUN_00404ef0	00404ef0	59	Y
FUN_00404f30	00404f30	206	Y
FUN_00405000	00405000	44	Y
FUN_00405030	00405030	1460	Y
FUN_004055f0	004055f0	217	Y
FUN_004056d0	004056d0	217	Y
FUN_004057b0	004057b0	414	Y
FUN_00405950	00405950	315	Y
FUN_00405a90	00405a90	414	Y
FUN_00405c30	00405c30	612	Y
FUN_00405ea0	00405ea0	63	Y
FUN_00405ee0	00405ee0	56	Y
FUN_00405f20	00405f20	272	Y
FUN_00406030	00406030	101	Y
FUN_004060a0	004060a0	644	Y
FUN_00406330	00406330	62	Y
FUN_00406390	00406390	236	Y
FUN_004064d0	004064d0	9626	Y
FUN_00408bf0	00408bf0	30	Y
FUN_00408c10	00408c10	70	Y
FUN_00408c90	00408c90	30	Y
FUN_00408cb0	00408cb0	70	Y
FUN_00408d00	00408d00	305	Y
FUN_00408e50	00408e50	713	Y
FUN_00409140	00409140	372	Y
FUN_00409320	00409320	714	Y
FUN_00409660	00409660	795	Y
FUN_00409990	00409990	2783	Y
FUN_0040a4d0	0040a4d0	372	Y
FUN_0040a650	0040a650	191	Y
FUN_0040a710	0040a710	375	Y
FUN_0040a890	0040a890	191	Y
FUN_0040a950	0040a950	345	Y
FUN_0040aab0	0040aab0	218	Y
FUN_0040ab90	0040ab90	334	Y
FUN_0040ace0	0040ace0	223	Y
FUN_0040adc0	0040adc0	269	Y
FUN_0040aed0	0040aed0	243	Y
FUN_0040afd0	0040afd0	185	Y
FUN_0040b090	0040b090	178	Y
FUN_0040b150	0040b150	421	Y
FUN_0040b310	0040b310	178	Y
FUN_0040b3d0	0040b3d0	1339	Y
FUN_0040b960	0040b960	235	Y
FUN_0040ba50	0040ba50	374	Y
FUN_0040bbd0	0040bbd0	374	Y
FUN_0040bd50	0040bd50	584	Y
FUN_0040bfa0	0040bfa0	307	Y
FUN_0040c0e0	0040c0e0	338	Y
FUN_0040c270	0040c270	196	Y
FUN_0040c350	0040c350	237	Y
FUN_0040c440	0040c440	451	Y
FUN_0040c610	0040c610	1388	Y
FUN_0040cbd0	0040cbd0	148	Y
FUN_0040cc70	0040cc70	167	Y
FUN_0040cd20	0040cd20	246	Y
FUN_0040ce20	0040ce20	311	Y
FUN_0040cfc0	0040cfc0	64	Y
FUN_0040d000	0040d000	3374	Y
FUN_0040dd40	0040dd40	70	Y
FUN_0040dd90	0040dd90	115	Y
FUN_0040de10	0040de10	120	Y
FUN_0040de90	0040de90	768	Y
FUN_0040e210	0040e210	347	Y
FUN_0040e370	0040e370	408	Y
FUN_0040e540	0040e540	160	Y
FUN_0040e5e0	0040e5e0	160	Y
FUN_0040e680	0040e680	295	Y
FUN_0040e7b0	0040e7b0	919	Y
FUN_0040eb60	0040eb60	568	Y
FUN_0040eda0	0040eda0	65	Y
FUN_0040ee20	0040ee20	25	Y
FUN_0040ee6a	0040ee6a	52	Y
GetOwner	0040ee9e	23	Y
FUN_0040eed7	0040eed7	27	Y
FUN_0040eef2	0040eef2	52	Y
FUN_0040ef49	0040ef49	65	Y
FUN_0040ef9f	0040ef9f	27	Y
FUN_0040efba	0040efba	7	Y
FUN_0040efc1	0040efc1	28	Y
FUN_0040efdd	0040efdd	52	Y
FUN_0040f028	0040f028	42	Y
FUN_0040f052	0040f052	42	Y
FUN_0040f07c	0040f07c	28	Y
FUN_0040f0d8	0040f0d8	37	Y
FUN_0040f0fd	0040f0fd	56	Y
FUN_0040f151	0040f151	48	Y
FUN_0040f19d	0040f19d	28	Y
FUN_0040f1b9	0040f1b9	42	Y
FUN_0040f1e3	0040f1e3	42	Y
FUN_0040f20d	0040f20d	28	Y
FUN_0040f229	0040f229	51	Y
~CDialog	0040f25c	5	Y
OnCreate	0040f261	41	Y
FUN_0040f28a	0040f28a	57	Y
FUN_0040f2c3	0040f2c3	37	Y
FUN_0040f2e8	0040f2e8	57	Y
FUN_0040f321	0040f321	28	Y
FUN_0040f384	0040f384	28	Y
FUN_0040f3a0	0040f3a0	51	Y
FUN_0040f3d3	0040f3d3	42	Y
FUN_0040f3fd	0040f3fd	112	Y
FUN_0040f46d	0040f46d	22	Y
FUN_0040f483	0040f483	20	Y
FUN_0040f497	0040f497	28	Y
FUN_0040f4b3	0040f4b3	28	Y
FUN_0040f4d0	0040f4d0	45	Y
FUN_0040f510	0040f510	7	Y
FUN_0040f520	0040f520	86	Y
FUN_0040f580	0040f580	60	Y
FUN_0040f5c0	0040f5c0	91	Y
FUN_0040f620	0040f620	42	Y
FUN_0040f650	0040f650	204	Y
FUN_0040f720	0040f720	124	Y
FUN_0040f7b0	0040f7b0	127	Y
__global_unwind2	0040f830	32	Y
__local_unwind2	0040f872	104	Y
__abnormal_termination	0040f8da	35	Y
__NLG_Notify1	0040f8fd	9	Y
FUN_0040f906	0040f906	24	Y
FUN_0040f920	0040f920	153	Y
FUN_0040f9c0	0040f9c0	14	Y
FUN_0040f9d0	0040f9d0	61	Y
FUN_0040fa10	0040fa10	101	Y
FUN_0040fa80	0040fa80	55	Y
FUN_0040fac0	0040fac0	316	Y
FUN_0040fc00	0040fc00	55	Y
FUN_0040fc40	0040fc40	21	Y
FUN_0040fc60	0040fc60	55	Y
FUN_0040fca0	0040fca0	326	Y
FUN_0040fdf0	0040fdf0	143	Y
FUN_0040fe80	0040fe80	21	Y
FUN_0040fee0	0040fee0	115	Y
FUN_0040ff59	0040ff59	23	Y
FUN_0040ff90	0040ff90	90	Y
FUN_00410000	00410000	111	Y
FUN_00410078	00410078	20	Y
FUN_004100a0	004100a0	13	Y
FUN_004100b0	004100b0	45	Y
FUN_004100e0	004100e0	300	Y
FUN_00410210	00410210	27	Y
__fpmath	00410230	23	Y
FUN_00410260	00410260	56	Y
__ftol	004102a0	39	Y
FUN_004102d0	004102d0	25	Y
FUN_004102f2	004102f2	467	N
FUN_004104c5	004104c5	40	Y
entry	004104f0	391	Y
__amsg_exit	004106a0	38	Y
FUN_004106d0	004106d0	47	Y
FUN_00410700	00410700	30	Y
_memset	00410720	88	Y
FUN_00410778	00410778	31	Y
FUN_004107a0	004107a0	247	Y
FUN_004108a0	004108a0	71	Y
_memcmp	004108f0	172	Y
FUN_004109a0	004109a0	664	Y
FUN_00410ce0	00410ce0	30	Y
FUN_00410d00	00410d00	194	Y
FUN_00410dd0	00410dd0	173	Y
FUN_00410e80	00410e80	174	Y
FUN_00410f30	00410f30	20	Y
FUN_00410f50	00410f50	68	Y
FUN_00410fa0	00410fa0	85	Y
FUN_00411000	00411000	104	Y
FUN_00411070	00411070	26	Y
FUN_00411090	00411090	641	Y
FUN_00411320	00411320	26	Y
FUN_00411340	00411340	144	Y
FUN_004113d0	004113d0	104	Y
FUN_00411440	00411440	24	Y
FUN_00411460	00411460	148	Y
FUN_00411500	00411500	24	Y
FUN_00411520	00411520	664	Y
FUN_00411860	00411860	80	Y
FUN_004118b0	004118b0	47	Y
FUN_004118e0	004118e0	48	Y
FUN_00411910	00411910	18	Y
__exit	00411930	18	Y
FUN_00411950	00411950	174	Y
FUN_00411a10	00411a10	11	Y
FUN_00411a20	00411a20	11	Y
FUN_00411a30	00411a30	32	Y
FUN_00411a60	00411a60	55	Y
FUN_00411b10	00411b10	99	Y
FUN_00411b80	00411b80	539	Y
FUN_00411da0	00411da0	77	Y
FUN_00411df0	00411df0	56	Y
FUN_00411e50	00411e50	45	Y
FUN_00411e80	00411e80	11	Y
FUN_00411e90	00411e90	115	Y
FUN_00411f10	00411f10	9	Y
FUN_00411f20	00411f20	9	Y
FUN_00411f30	00411f30	16	Y
FUN_00411f40	00411f40	572	Y
FUN_00412180	00412180	360	Y
FUN_004122f0	004122f0	486	Y
FUN_004124e0	004124e0	199	Y
FUN_004125b0	004125b0	699	Y
FUN_00412870	00412870	215	Y
FUN_00412950	00412950	138	Y
FUN_00412a30	00412a30	137	Y
FUN_00412ac0	00412ac0	183	Y
FUN_00412bb8	00412bb8	78	Y
FUN_00412c50	00412c50	499	Y
FUN_00412e60	00412e60	98	Y
FUN_00412ee0	00412ee0	37	Y
__CallSettingFrame@12	00412f10	76	Y
FUN_00412f60	00412f60	92	Y
FUN_00412fc0	00412fc0	19	Y
FUN_00412fe0	00412fe0	122	Y
FUN_00413060	00413060	93	Y
_abort	004130d7	5	Y
FUN_004130f0	004130f0	101	Y
FUN_0041315e	0041315e	6	Y
FUN_00413180	00413180	147	Y
FUN_00413260	00413260	43	Y
FUN_00413290	00413290	118	Y
FUN_00413310	00413310	22	Y
FUN_00413330	00413330	54	Y
FUN_00413370	00413370	40	Y
FUN_004133a0	004133a0	54	Y
FUN_004133e0	004133e0	40	Y
FUN_00413410	00413410	104	Y
FUN_00413480	00413480	144	Y
FUN_00413510	00413510	51	Y
FUN_00413590	00413590	110	Y
FUN_004136d0	004136d0	239	Y
FUN_004137c0	004137c0	114	Y
FUN_00413840	00413840	549	Y
FUN_00413a70	00413a70	347	Y
FUN_00413c40	00413c40	217	Y
FUN_00413d20	00413d20	304	Y
FUN_00413e50	00413e50	114	Y
FUN_00413ed0	00413ed0	521	Y
FUN_004140e0	004140e0	432	Y
FUN_00414355	00414355	27	Y
FUN_00414370	00414370	226	Y
FUN_00414460	00414460	55	Y
FUN_004144a0	004144a0	171	Y
__setdefaultprecision	00414550	19	Y
FUN_00414570	00414570	80	Y
FUN_004145c0	004145c0	41	Y
FUN_004145f0	004145f0	93	Y
FUN_00414740	00414740	115	Y
FUN_004147c0	004147c0	242	Y
FUN_004148c0	004148c0	102	Y
FUN_00414930	00414930	182	Y
FUN_004149f0	004149f0	182	Y
FUN_00414b20	00414b20	41	Y
FUN_00414f30	00414f30	23	Y
__startOneArgErrorHandling	00414f47	60	Y
FUN_00414f90	00414f90	21	Y
FUN_00414fa5	00414fa5	23	Y
__fload_withFB	00414fd5	67	Y
FUN_0041502e	0041502e	13	Y
FUN_00415079	00415079	163	Y
FUN_00415120	00415120	545	Y
FUN_00415350	00415350	129	Y
FUN_00415630	00415630	18	Y
FUN_00415650	00415650	58	Y
FUN_00415690	00415690	238	Y
FUN_00415780	00415780	158	Y
FUN_00415820	00415820	527	Y
FUN_00415a30	00415a30	342	Y
FUN_00415b90	00415b90	524	Y
FUN_00415da0	00415da0	55	Y
FUN_00415de0	00415de0	61	Y
FUN_00415e20	00415e20	470	Y
FUN_00416000	00416000	83	Y
_strchr	004160a0	193	Y
_strpbrk	00416160	58	Y
FUN_004161a0	004161a0	540	Y
__strrev	004163c0	48	Y
FUN_004163f0	004163f0	32	Y
FUN_00416410	00416410	354	Y
FUN_00416580	00416580	91	Y
FUN_004165e0	004165e0	205	Y
FUN_004166b0	004166b0	89	Y
FUN_00416710	00416710	83	Y
FUN_00416770	00416770	563	Y
FUN_004169b0	004169b0	370	Y
FUN_00416b30	00416b30	196	Y
FUN_00416c00	00416c00	130	Y
FUN_00416c90	00416c90	252	Y
_strspn	00416d90	62	Y
_strcspn	00416dd0	62	Y
_strrchr	00416e10	39	Y
FUN_00416ec0	00416ec0	2172	Y
FUN_00417850	00417850	66	Y
FUN_004178a0	004178a0	57	Y
FUN_004178e0	004178e0	61	Y
FUN_00417920	00417920	17	Y
FUN_00417940	00417940	18	Y
FUN_00417960	00417960	18	Y
FUN_00417980	00417980	388	Y
FUN_00417b10	00417b10	301	Y
FUN_00417c40	00417c40	171	Y
FUN_00417cf0	00417cf0	50	Y
FUN_00417d30	00417d30	728	Y
__isindst	00418010	40	Y
FUN_00418040	00418040	617	Y
FUN_004182b0	004182b0	412	Y
FUN_00418450	00418450	208	Y
FUN_00418520	00418520	32	Y
FUN_00418540	00418540	32	Y
FUN_00418560	00418560	27	Y
_abort	00418580	27	Y
FUN_00418680	00418680	360	Y
FUN_004187f0	004187f0	161	Y
FUN_004188a0	004188a0	147	Y
FUN_00418940	00418940	73	Y
FUN_00418990	00418990	101	Y
FUN_00418a00	00418a00	34	Y
FUN_00418ad0	00418ad0	93	Y
FUN_00418b30	00418b30	114	Y
FUN_00418bb0	00418bb0	128	Y
FUN_00418c30	00418c30	849	Y
FUN_00418fd0	00418fd0	43	Y
FUN_00419000	00419000	129	Y
FUN_00419090	00419090	165	Y
FUN_00419140	00419140	491	Y
FUN_00419330	00419330	59	Y
FUN_00419370	00419370	24	Y
FUN_00419390	00419390	150	Y
FUN_00419430	00419430	139	Y
FUN_004194c0	004194c0	130	Y
FUN_00419550	00419550	252	Y
FUN_00419650	00419650	102	Y
FUN_004196c0	004196c0	105	Y
FUN_00419730	00419730	157	Y
FUN_004197d0	004197d0	29	Y
FUN_004197f0	004197f0	15	Y
FUN_00419800	00419800	29	Y
FUN_00419820	00419820	177	Y
FUN_004198e0	004198e0	463	Y
FUN_00419ab0	00419ab0	24	Y
FUN_00419ad0	00419ad0	24	Y
FUN_00419af0	00419af0	56	Y
FUN_00419b30	00419b30	56	Y
FUN_00419b70	00419b70	145	Y
FUN_00419c10	00419c10	139	Y
FUN_00419ca0	00419ca0	190	Y
FUN_00419d60	00419d60	11	Y
FUN_0041ab00	0041ab00	256	Y
FUN_0041ac20	0041ac20	57	Y
FUN_0041ac60	0041ac60	92	Y
FUN_0041acc0	0041acc0	256	Y
FUN_0041adc0	0041adc0	21	Y
FUN_0041ade0	0041ade0	155	Y
FUN_0041ae80	0041ae80	143	Y
_strncpy	0041af10	254	Y
FUN_0041b010	0041b010	108	Y
FUN_0041b080	0041b080	114	Y
__aulldiv	0041b100	104	Y
__aullrem	0041b170	117	Y
FUN_0041b1f0	0041b1f0	113	Y
FUN_0041b270	0041b270	490	Y
FUN_0041b460	0041b460	50	Y
FUN_0041b4a0	0041b4a0	142	Y
FUN_0041b5e0	0041b5e0	881	Y
FUN_0041b960	0041b960	563	Y
FUN_0041bba0	0041bba0	246	Y
FUN_0041bf90	0041bf90	331	Y
FUN_0041c0e0	0041c0e0	51	Y
FUN_0041c120	0041c120	102	Y
_strncmp	0041c450	56	Y
FUN_0041c490	0041c490	469	Y
FUN_0041c6a0	0041c6a0	63	Y
FUN_0041c780	0041c780	334	Y
FUN_0041c8d0	0041c8d0	35	Y
FUN_0041c900	0041c900	104	Y
FUN_0041c970	0041c970	46	Y
FUN_0041c9a0	0041c9a0	45	Y
FUN_0041c9d0	0041c9d0	241	Y
FUN_0041cad0	0041cad0	1632	Y
FUN_0041d260	0041d260	898	Y
FUN_0041d5f0	0041d5f0	804	Y
FUN_0041d930	0041d930	816	Y
FUN_0041dc60	0041dc60	40	Y
FUN_0041dc90	0041dc90	3	Y
FUN_0041dca0	0041dca0	16	Y
FUN_0041dcb0	0041dcb0	17	Y
FUN_0041dcd0	0041dcd0	40	Y
FUN_0041dd00	0041dd00	89	Y
FUN_0041dd60	0041dd60	59	Y
FUN_0041dda0	0041dda0	122	Y
FUN_0041de20	0041de20	428	Y
FUN_0041dfd0	0041dfd0	304	Y
FUN_0041e100	0041e100	319	Y
FUN_0041e240	0041e240	100	Y
FUN_0041e2b0	0041e2b0	696	Y
FUN_0041e570	0041e570	138	Y
FUN_0041e600	0041e600	709	Y
FUN_0041e8d0	0041e8d0	47	Y
FUN_0041e900	0041e900	515	Y
FUN_0041eb10	0041eb10	116	Y
FUN_0041eb90	0041eb90	111	Y
RtlUnwind	0041ec00	6	Y
ReuseDDElParam	0041ec06	6	Y
UnpackDDElParam	0041ec0c	6	Y
GetFileTitleA	0041ec12	6	Y
GetSaveFileNameA	0041ec18	6	Y
GetOpenFileNameA	0041ec1e	6	Y
ClosePrinter	0041ec24	6	Y
DocumentPropertiesA	0041ec2a	6	Y
OpenPrinterA	0041ec30	6	Y
FUN_0041ec40	0041ec40	29	Y
FUN_0041ec60	0041ec60	70	Y
FUN_0041ecb0	0041ecb0	229	Y
FUN_0041ee50	0041ee50	52	Y
FUN_0041ee90	0041ee90	82	Y
FUN_0041eef0	0041eef0	26	Y
FUN_0041ef10	0041ef10	41	Y
FUN_0041ef40	0041ef40	42	Y
FUN_0041ef70	0041ef70	306	Y
FUN_0041f0b0	0041f0b0	111	Y
FUN_0041f160	0041f160	172	Y
FUN_0041f210	0041f210	101	Y
FUN_0041f280	0041f280	187	Y
FUN_0041f340	0041f340	15	Y
FUN_0041f350	0041f350	313	Y
FUN_0041f490	0041f490	46	Y
FUN_0041f4c0	0041f4c0	153	Y
FUN_0041f590	0041f590	263	Y
FUN_0041f730	0041f730	176	Y
FUN_0041f7e0	0041f7e0	116	Y
FUN_0041f8d0	0041f8d0	130	Y
FUN_0041f990	0041f990	678	Y
FUN_0041fc40	0041fc40	159	Y
FUN_0041fce0	0041fce0	487	Y
FUN_0041fed0	0041fed0	213	Y
FUN_0041ffb0	0041ffb0	393	Y
FUN_00420140	00420140	816	Y
FUN_00420470	00420470	57	Y
FUN_004204b0	004204b0	430	Y
FUN_00420660	00420660	36	Y
FUN_00420690	00420690	71	Y
FUN_00420840	00420840	236	Y
FUN_00420930	00420930	190	Y
FUN_004209f0	004209f0	110	Y
FUN_00420a60	00420a60	831	Y
FUN_00420da0	00420da0	1315	Y
FUN_004212f0	004212f0	686	Y
FUN_004215d0	004215d0	822	Y
FUN_00421910	00421910	335	Y
FUN_00421a90	00421a90	558	Y
FUN_00421d40	00421d40	213	Y
FUN_00421e20	00421e20	356	Y
FUN_00422110	00422110	203	Y
FUN_004221e0	004221e0	407	Y
FUN_00422377	00422377	24	Y
FUN_0042238f	0042238f	30	Y
FUN_004223ad	004223ad	19	Y
FUN_004223d4	004223d4	10	Y
FUN_004223de	004223de	12	Y
FUN_004223f4	004223f4	26	Y
FUN_0042240e	0042240e	116	Y
FUN_00422499	00422499	115	Y
FUN_0042250c	0042250c	56	Y
FUN_00422544	00422544	21	Y
FUN_00422559	00422559	125	Y
FUN_004225d6	004225d6	119	Y
FUN_0042264d	0042264d	678	Y
FUN_004228f3	004228f3	19	Y
InitString	00422906	41	Y
FUN_00422972	00422972	27	Y
FUN_0042298d	0042298d	27	Y
FUN_004229a8	004229a8	342	Y
FUN_00422afe	00422afe	28	Y
FUN_00422b1a	00422b1a	189	Y
FUN_00422bfe	00422bfe	222	Y
FUN_00422cdc	00422cdc	76	Y
FUN_00422d28	00422d28	76	Y
FUN_00422d74	00422d74	76	Y
FUN_00422dc0	00422dc0	47	Y
FUN_00422e79	00422e79	309	Y
FUN_00422fae	00422fae	23	Y
FUN_00422fd2	00422fd2	35	Y
FUN_00422ff5	00422ff5	28	Y
RemoveAll	00423011	32	Y
FUN_00423031	00423031	51	Y
FUN_00423064	00423064	85	Y
FUN_004230b9	004230b9	25	Y
AddTail	004230d2	41	Y
FUN_004230fb	004230fb	36	Y
FUN_0042311f	0042311f	55	Y
FUN_00423156	00423156	35	Y
FUN_00423179	00423179	32	Y
FUN_00423199	00423199	22	Y
CMap<>	004231af	39	Y
FUN_004231d6	004231d6	28	Y
FUN_004231f2	004231f2	70	Y
RemoveAll	00423238	43	Y
FUN_00423263	00423263	51	Y
FUN_00423296	00423296	74	Y
FUN_004232e0	004232e0	25	Y
FUN_004232f9	004232f9	50	Y
FUN_0042332b	0042332b	51	Y
FUN_0042335e	0042335e	80	Y
FUN_004233ae	004233ae	66	Y
FUN_004233f0	004233f0	114	Y
FUN_00423462	00423462	70	Y
FUN_004234a8	004234a8	96	Y
FUN_00423508	00423508	90	Y
FUN_00423562	00423562	34	Y
FUN_00423584	00423584	34	Y
FUN_004235a6	004235a6	98	Y
FUN_00423608	00423608	58	Y
FUN_004236e1	004236e1	133	Y
FUN_00423766	00423766	28	Y
~CDialog	00423782	62	Y
FUN_004237c0	004237c0	516	Y
FUN_004239f0	004239f0	57	Y
FUN_00423a29	00423a29	55	Y
FUN_00423a60	00423a60	62	Y
FUN_00423a9e	00423a9e	328	Y
FUN_00423c03	00423c03	35	Y
FUN_00423c4b	00423c4b	136	Y
FUN_00423cd3	00423cd3	84	Y
FUN_00423d2a	00423d2a	101	Y
FUN_00423d8f	00423d8f	25	Y
FUN_00423db0	00423db0	124	Y
FUN_00423ead	00423ead	13	Y
FUN_00423eba	00423eba	12	Y
FUN_00423eeb	00423eeb	13	Y
FUN_00423ef8	00423ef8	12	Y
FUN_00423f29	00423f29	13	Y
FUN_00423f36	00423f36	12	Y
FUN_00423f67	00423f67	13	Y
FUN_00423f74	00423f74	12	Y
FUN_00423f9b	00423f9b	42	Y
`scalar_deleting_destructor'	00423fc5	28	Y
FUN_00423fe1	00423fe1	52	Y
FUN_00424015	00424015	79	Y
FUN_00424064	00424064	26	Y
FUN_0042407e	0042407e	198	Y
FUN_0042416e	0042416e	35	Y
FUN_00424191	00424191	121	Y
FUN_0042420a	0042420a	53	Y
FUN_0042423f	0042423f	39	Y
FUN_00424266	00424266	20	Y
FUN_0042427a	0042427a	112	Y
FUN_004242ea	004242ea	40	Y
FUN_00424312	00424312	28	Y
FUN_0042432e	0042432e	57	Y
FUN_00424367	00424367	46	Y
FUN_00424396	00424396	47	Y
FUN_004243c5	004243c5	6	Y
FUN_004243cb	004243cb	273	Y
FUN_00424518	00424518	97	Y
FUN_00424579	00424579	120	Y
FUN_004245f1	004245f1	124	Y
FUN_0042466d	0042466d	398	Y
FUN_004247fb	004247fb	76	Y
FUN_00424847	00424847	66	Y
FUN_00424889	00424889	196	Y
FUN_0042494d	0042494d	50	Y
FUN_0042497f	0042497f	76	Y
~CWnd	004249cb	124	Y
FUN_00424a47	00424a47	30	Y
FUN_00424a65	00424a65	279	Y
FUN_00424b8e	00424b8e	77	Y
FUN_00424bdb	00424bdb	71	Y
FUN_00424c26	00424c26	31	Y
FUN_00424c45	00424c45	93	Y
FUN_00424ca2	00424ca2	113	Y
FUN_00424d13	00424d13	23	Y
FUN_00424d2a	00424d2a	23	Y
FUN_00424d41	00424d41	61	Y
FUN_00424d7e	00424d7e	42	Y
FUN_00424dc8	00424dc8	43	Y
FUN_00424df3	00424df3	43	Y
FUN_00424e1e	00424e1e	121	Y
FUN_00424e97	00424e97	99	Y
FUN_00424efa	00424efa	147	Y
FUN_00424fa3	00424fa3	180	Y
FUN_00425057	00425057	60	Y
FUN_00425093	00425093	224	Y
AfxFindMessageEntry	00425179	64	Y
FUN_004251b9	004251b9	66	Y
FUN_004251fb	004251fb	1198	Y
FUN_0042576d	0042576d	25	Y
FUN_004257a0	004257a0	140	Y
FUN_0042582c	0042582c	122	Y
FUN_004258a6	004258a6	68	Y
AfxGetParentOwner	004258ea	69	Y
FUN_0042592f	0042592f	44	Y
FUN_0042595b	0042595b	52	Y
FUN_0042598f	0042598f	68	Y
FUN_004259d3	004259d3	160	Y
FUN_00425a73	00425a73	121	Y
FUN_00425aec	00425aec	125	Y
FUN_00425b6e	00425b6e	48	Y
FUN_00425b9e	00425b9e	40	Y
FUN_00425bc6	00425bc6	51	Y
FUN_00425bf9	00425bf9	67	Y
FUN_00425c3c	00425c3c	77	Y
FUN_00425c89	00425c89	189	Y
FUN_00425d46	00425d46	314	Y
FUN_00425e80	00425e80	154	Y
FUN_00425f1a	00425f1a	43	Y
FUN_00425f45	00425f45	66	Y
FUN_00425f87	00425f87	45	Y
FUN_00425fb4	00425fb4	164	Y
FUN_00426058	00426058	91	Y
FUN_004260b3	004260b3	246	Y
FUN_004261f8	004261f8	138	Y
FUN_00426282	00426282	84	Y
FUN_004262d6	004262d6	85	Y
FUN_0042632b	0042632b	100	Y
OnDisplayChange	0042638f	77	Y
FUN_004263dc	004263dc	42	Y
FUN_00426406	00426406	33	Y
FUN_00426427	00426427	33	Y
FUN_00426448	00426448	74	Y
FUN_00426492	00426492	39	Y
FUN_004264b9	004264b9	99	Y
FUN_0042651c	0042651c	117	Y
FUN_00426599	00426599	124	Y
FUN_0042663c	0042663c	22	Y
FUN_00426652	00426652	378	Y
FUN_004267d0	004267d0	80	Y
FUN_00426820	00426820	138	Y
FUN_004268aa	004268aa	48	Y
FUN_004268da	004268da	351	Y
FUN_00426a64	00426a64	314	Y
AfxRegisterWithIcon	00426b9e	65	Y
FUN_00426be6	00426be6	31	Y
FUN_00426c05	00426c05	67	Y
FUN_00426c5f	00426c5f	42	Y
FUN_00426c89	00426c89	46	Y
FUN_00426cb7	00426cb7	51	Y
FUN_00426cea	00426cea	26	Y
FUN_00426d04	00426d04	26	Y
FUN_00426d1e	00426d1e	52	Y
FUN_00426d52	00426d52	39	Y
FUN_00426d79	00426d79	79	Y
FUN_00426dc8	00426dc8	39	Y
FUN_00426def	00426def	27	Y
FUN_00426e0a	00426e0a	39	Y
FUN_00426e31	00426e31	33	Y
AttachControlSite	00426e52	48	Y
FUN_00426e82	00426e82	69	Y
FUN_00426ec7	00426ec7	32	Y
FUN_00426ee7	00426ee7	28	Y
FUN_00426f03	00426f03	60	Y
FUN_00426f3f	00426f3f	280	Y
FUN_00427057	00427057	263	Y
FUN_0042719f	0042719f	21	Y
FUN_004271b4	004271b4	21	Y
OnFinalRelease	004271e1	50	Y
FUN_00427232	00427232	12	Y
CCmdUI	0042723e	38	Y
FUN_00427264	00427264	144	Y
FUN_004272f4	004272f4	98	Y
FUN_00427356	00427356	82	Y
FUN_004273a8	004273a8	86	Y
FUN_004273fe	004273fe	103	Y
FUN_00427465	00427465	6	Y
FUN_0042746b	0042746b	16	Y
FUN_0042747b	0042747b	55	Y
FUN_004274b2	004274b2	58	Y
FUN_004274ec	004274ec	50	Y
FUN_0042751e	0042751e	35	Y
FUN_00427541	00427541	30	Y
FUN_0042755f	0042755f	46	Y
FUN_0042758d	0042758d	41	Y
FUN_004275b6	004275b6	41	Y
FUN_004275df	004275df	69	Y
FUN_00427624	00427624	94	Y
FUN_00427682	00427682	45	Y
FUN_004276af	004276af	79	Y
FUN_004276fe	004276fe	39	Y
FUN_00427725	00427725	65	Y
FUN_00427766	00427766	102	Y
FUN_004277cc	004277cc	116	Y
FUN_00427840	00427840	116	Y
FUN_004278b4	004278b4	95	Y
FUN_00427913	00427913	39	Y
FUN_0042793a	0042793a	21	Y
FUN_0042794f	0042794f	24	Y
FUN_00427967	00427967	79	Y
FUN_004279b6	004279b6	40	Y
FUN_004279de	004279de	32	Y
FUN_004279fe	004279fe	33	Y
FUN_00427a1f	00427a1f	31	Y
FUN_00427a3e	00427a3e	18	Y
FUN_00427a50	00427a50	25	Y
FUN_00427a69	00427a69	53	Y
FUN_00427a9e	00427a9e	41	Y
FUN_00427acf	00427acf	20	Y
FUN_00427ae3	00427ae3	60	Y
FUN_00427b1f	00427b1f	11	Y
FUN_00427b30	00427b30	34	Y
FUN_00427b52	00427b52	55	Y
FUN_00427c00	00427c00	102	Y
FUN_00427c66	00427c66	173	Y
AfxGetThread	00427d13	21	Y
FUN_00427d28	00427d28	95	Y
FUN_00427d9c	00427d9c	132	Y
FUN_00427e7f	00427e7f	267	Y
FUN_00427f8a	00427f8a	121	Y
AfxInternalProcessWndProcException	004280e8	37	Y
FUN_00428165	00428165	327	Y
FUN_004282ac	004282ac	75	Y
FUN_00428312	00428312	64	Y
FUN_00428358	00428358	18	Y
FUN_0042836a	0042836a	32	Y
FUN_0042838a	0042838a	56	Y
FUN_004283d0	004283d0	25	Y
FUN_004283e9	004283e9	16	Y
FUN_004283f9	004283f9	18	Y
FUN_0042843e	0042843e	85	Y
FUN_00428493	00428493	47	Y
FUN_004284c2	004284c2	96	Y
FUN_00428522	00428522	14	Y
FUN_00428530	00428530	6	Y
FUN_00428536	00428536	86	Y
FUN_0042858c	0042858c	183	Y
FUN_00428643	00428643	111	Y
FUN_004286b2	004286b2	279	Y
FUN_004287c9	004287c9	145	Y
FUN_0042885a	0042885a	9	Y
FUN_00428863	00428863	238	Y
FUN_00428951	00428951	92	Y
FUN_004289ad	004289ad	190	Y
FUN_00428a88	00428a88	97	Y
FUN_00428ae9	00428ae9	68	Y
FUN_00428b2d	00428b2d	88	Y
FUN_00428b85	00428b85	20	Y
FUN_00428b99	00428b99	112	Y
FUN_00428c09	00428c09	22	Y
FUN_00428c1f	00428c1f	28	Y
FUN_00428c3b	00428c3b	42	Y
FUN_00428c65	00428c65	22	Y
FUN_00428c81	00428c81	132	Y
FUN_00428d05	00428d05	39	Y
FUN_00428d2c	00428d2c	120	Y
FUN_00428da4	00428da4	64	Y
FUN_00428de4	00428de4	28	Y
FUN_00428e00	00428e00	68	Y
FUN_00428e44	00428e44	78	Y
FUN_00428e92	00428e92	145	Y
FUN_00428f23	00428f23	296	Y
FUN_0042904b	0042904b	58	Y
FUN_00429085	00429085	75	Y
FUN_00429149	00429149	65	Y
FUN_0042918a	0042918a	32	Y
FUN_004291fc	004291fc	44	Y
FUN_00429228	00429228	43	Y
FUN_00429258	00429258	34	Y
FUN_0042927a	0042927a	30	Y
FUN_00429298	00429298	14	Y
FUN_004292a6	004292a6	66	Y
FUN_004292e8	004292e8	204	Y
FUN_004293b4	004293b4	111	Y
FUN_00429423	00429423	172	Y
FUN_004294cf	004294cf	330	Y
FUN_00429619	00429619	217	Y
FUN_004296f2	004296f2	198	Y
FUN_004297b8	004297b8	195	Y
FUN_0042987b	0042987b	86	Y
FUN_004298d1	004298d1	90	Y
FUN_0042992b	0042992b	188	Y
FUN_004299e7	004299e7	28	Y
FUN_00429a03	00429a03	60	Y
FUN_00429a3f	00429a3f	93	Y
FUN_00429a9c	00429a9c	108	Y
FUN_00429b08	00429b08	59	Y
FUN_00429b43	00429b43	265	Y
FUN_00429c4c	00429c4c	586	Y
FUN_00429e96	00429e96	126	Y
FUN_00429f14	00429f14	156	Y
FUN_00429fb0	00429fb0	221	Y
FUN_0042a08d	0042a08d	33	Y
FUN_0042a0ae	0042a0ae	160	Y
FUN_0042a14e	0042a14e	129	Y
FUN_0042a1cf	0042a1cf	352	Y
FUN_0042a486	0042a486	130	Y
FUN_0042a508	0042a508	47	Y
FUN_0042a537	0042a537	218	Y
FUN_0042a611	0042a611	178	Y
FUN_0042a6c3	0042a6c3	175	Y
FUN_0042a772	0042a772	101	Y
FUN_0042a7ea	0042a7ea	40	Y
FUN_0042a812	0042a812	28	Y
FUN_0042a82e	0042a82e	11	Y
FUN_0042a86b	0042a86b	20	Y
FUN_0042a87f	0042a87f	428	Y
FUN_0042aa2b	0042aa2b	103	Y
FUN_0042aa98	0042aa98	100	Y
FUN_0042aafc	0042aafc	28	Y
FUN_0042ab18	0042ab18	108	Y
FUN_0042ab8c	0042ab8c	33	Y
FUN_0042abad	0042abad	29	Y
FUN_0042acea	0042acea	75	Y
FUN_0042ad38	0042ad38	124	Y
FUN_0042adb4	0042adb4	27	Y
FUN_0042ade4	0042ade4	46	Y
FUN_0042af9c	0042af9c	277	Y
FUN_0042b0b7	0042b0b7	368	Y
FUN_0042b227	0042b227	455	Y
FUN_0042b3ee	0042b3ee	25	Y
FUN_0042b461	0042b461	118	Y
FUN_0042b4d7	0042b4d7	28	Y
FUN_0042b4f3	0042b4f3	49	Y
FUN_0042b54d	0042b54d	35	Y
FUN_0042b8e2	0042b8e2	90	Y
FUN_0042b93d	0042b93d	32	Y
FUN_0042b95d	0042b95d	47	Y
FUN_0042b9a4	0042b9a4	67	Y
FUN_0042b9ed	0042b9ed	22	Y
FUN_0042ba03	0042ba03	28	Y
FUN_0042ba1f	0042ba1f	64	Y
FUN_0042ba5f	0042ba5f	83	Y
OnCreate	0042bab2	48	Y
FUN_0042bae2	0042bae2	47	Y
FUN_0042bb85	0042bb85	103	Y
FUN_0042bbec	0042bbec	84	Y
FUN_0042bc40	0042bc40	14	Y
FUN_0042bc93	0042bc93	109	Y
FUN_0042bd28	0042bd28	94	Y
FUN_0042bd86	0042bd86	117	Y
FUN_0042bed8	0042bed8	202	Y
FUN_0042bfa7	0042bfa7	20	Y
FUN_0042bfbb	0042bfbb	28	Y
FUN_0042bfd7	0042bfd7	20	Y
FUN_0042bfeb	0042bfeb	112	Y
FUN_0042c05b	0042c05b	22	Y
FUN_0042c071	0042c071	55	Y
FUN_0042c0a8	0042c0a8	49	Y
FUN_0042c0d9	0042c0d9	22	Y
FUN_0042c0ef	0042c0ef	64	Y
FUN_0042c184	0042c184	62	Y
FUN_0042c1c2	0042c1c2	23	Y
FUN_0042c1d9	0042c1d9	69	Y
FUN_0042c21e	0042c21e	83	Y
FUN_0042c271	0042c271	83	Y
FUN_0042c2c4	0042c2c4	56	Y
FUN_0042c2fc	0042c2fc	56	Y
FUN_0042c334	0042c334	56	Y
FUN_0042c36c	0042c36c	76	Y
FUN_0042c3b8	0042c3b8	76	Y
FUN_0042c404	0042c404	76	Y
FUN_0042c450	0042c450	88	Y
FUN_0042c4a8	0042c4a8	76	Y
FUN_0042c4f4	0042c4f4	88	Y
FUN_0042c55c	0042c55c	76	Y
LineTo	0042c5a8	53	Y
FUN_0042c5dd	0042c5dd	86	Y
`scalar_deleting_destructor'	0042c633	28	Y
~CPaintDC	0042c64f	71	Y
FUN_0042c696	0042c696	20	Y
FUN_0042c6aa	0042c6aa	112	Y
FUN_0042c71a	0042c71a	22	Y
FUN_0042c730	0042c730	45	Y
FUN_0042c75d	0042c75d	42	Y
FUN_0042c787	0042c787	22	Y
FUN_0042c79d	0042c79d	80	Y
FUN_0042c7ed	0042c7ed	27	Y
FUN_0042c808	0042c808	27	Y
FUN_0042c823	0042c823	74	Y
FUN_0042c86d	0042c86d	43	Y
FUN_0042c898	0042c898	117	Y
FUN_0042c90d	0042c90d	88	Y
FUN_0042c965	0042c965	25	Y
FUN_0042c97e	0042c97e	119	Y
FUN_0042c9f5	0042c9f5	54	Y
FUN_0042ca7d	0042ca7d	375	Y
FUN_0042cbf4	0042cbf4	139	Y
FUN_0042cc7f	0042cc7f	121	Y
FUN_0042ccf8	0042ccf8	82	Y
FUN_0042cd4a	0042cd4a	40	Y
FUN_0042cd72	0042cd72	90	Y
FUN_0042cdcc	0042cdcc	117	Y
FUN_0042ce41	0042ce41	188	Y
FUN_0042cefd	0042cefd	374	Y
FUN_0042d073	0042d073	68	Y
FUN_0042d0b7	0042d0b7	71	Y
OnMouseWheel	0042d0fe	52	Y
FUN_0042d132	0042d132	292	Y
FUN_0042d256	0042d256	321	Y
FUN_0042d397	0042d397	76	Y
FUN_0042d3e3	0042d3e3	259	Y
FUN_0042d4e6	0042d4e6	28	Y
FUN_0042d502	0042d502	168	Y
FUN_0042d5aa	0042d5aa	104	Y
FUN_0042d627	0042d627	10	Y
FUN_0042d631	0042d631	11	Y
FUN_0042d63c	0042d63c	189	Y
FUN_0042d6f9	0042d6f9	39	Y
FUN_0042d720	0042d720	105	Y
FUN_0042d79d	0042d79d	62	Y
FUN_0042d7db	0042d7db	53	Y
FUN_0042d810	0042d810	51	Y
FUN_0042d843	0042d843	75	Y
FUN_0042d88e	0042d88e	220	Y
FUN_0042d96a	0042d96a	70	Y
FUN_0042d9b0	0042d9b0	66	Y
FUN_0042d9f2	0042d9f2	14	Y
FUN_0042da00	0042da00	122	Y
FUN_0042da7a	0042da7a	23	Y
FUN_0042da91	0042da91	47	Y
FUN_0042dac0	0042dac0	53	Y
FUN_0042daf5	0042daf5	112	Y
FUN_0042db65	0042db65	165	Y
DDX_Text	0042dc0a	47	Y
DDX_Text	0042dc39	82	Y
FUN_0042dc8b	0042dc8b	145	Y
FUN_0042dd1c	0042dd1c	147	Y
FUN_0042ddaf	0042ddaf	44	Y
FUN_0042dddb	0042dddb	168	Y
FUN_0042de83	0042de83	76	Y
FUN_0042decf	0042decf	50	Y
FUN_0042df01	0042df01	95	Y
FUN_0042df60	0042df60	46	Y
FUN_0042df8e	0042df8e	186	Y
FUN_0042e048	0042e048	33	Y
FUN_0042e069	0042e069	102	Y
FUN_0042e0cf	0042e0cf	57	Y
FUN_0042e11b	0042e11b	59	Y
FUN_0042e168	0042e168	22	Y
FUN_0042e1f3	0042e1f3	117	Y
FUN_0042e268	0042e268	160	Y
FUN_0042e308	0042e308	16	Y
FUN_0042e323	0042e323	33	Y
FUN_0042e344	0042e344	92	Y
FUN_0042e3a0	0042e3a0	18	Y
FUN_0042e3b2	0042e3b2	18	Y
FUN_0042e3c4	0042e3c4	58	Y
FUN_0042e3fe	0042e3fe	255	Y
FUN_0042e4fd	0042e4fd	23	Y
FUN_0042e514	0042e514	38	Y
FUN_0042e540	0042e540	276	Y
FUN_0042e69c	0042e69c	105	Y
FUN_0042e75c	0042e75c	428	Y
FUN_0042e908	0042e908	217	Y
FUN_0042e9e1	0042e9e1	52	Y
FUN_0042ea15	0042ea15	1518	Y
FUN_0042f003	0042f003	165	Y
FUN_0042f0a8	0042f0a8	11	Y
FUN_0042f0b3	0042f0b3	28	Y
FUN_0042f0cf	0042f0cf	101	Y
FID_conflict:~CHotKeyCtrl	0042f134	56	Y
FUN_0042f16f	0042f16f	46	Y
FID_conflict:~CHotKeyCtrl	0042f19d	56	Y
FUN_0042f258	0042f258	198	Y
FUN_0042f31e	0042f31e	28	Y
FUN_0042f33a	0042f33a	103	Y
FUN_0042f3a1	0042f3a1	36	Y
FUN_0042f3c5	0042f3c5	36	Y
FUN_0042f3e9	0042f3e9	38	Y
FUN_0042f4b6	0042f4b6	28	Y
FUN_0042f4d2	0042f4d2	33	Y
FUN_0042f55e	0042f55e	42	Y
FUN_0042f588	0042f588	84	Y
FUN_0042f669	0042f669	32	Y
FUN_0042f7b6	0042f7b6	111	Y
FUN_0042f825	0042f825	162	Y
FUN_0042f8c7	0042f8c7	190	Y
FUN_0042f985	0042f985	170	Y
FUN_0042fa2f	0042fa2f	88	Y
FUN_0042fa87	0042fa87	152	Y
FUN_0042fb1f	0042fb1f	120	Y
FUN_0042fbc8	0042fbc8	79	Y
GetIconWndClass	0042fc17	131	Y
FUN_0042fc9a	0042fc9a	235	Y
FUN_0042fdbf	0042fdbf	194	Y
FUN_0042fe81	0042fe81	265	Y
FUN_0042ff8a	0042ff8a	79	Y
FUN_0042ffd9	0042ffd9	108	Y
FUN_00430113	00430113	212	Y
FUN_004301e7	004301e7	55	Y
FUN_0043021e	0043021e	151	Y
FUN_004302b5	004302b5	123	Y
FUN_00430330	00430330	33	Y
FUN_00430351	00430351	52	Y
FUN_00430385	00430385	187	Y
FUN_00430440	00430440	155	Y
FUN_004304f6	004304f6	7	Y
SetActiveView	004304fd	90	Y
FUN_00430582	00430582	251	Y
FUN_0043067d	0043067d	357	Y
FUN_004307e2	004307e2	239	Y
FUN_00430938	00430938	213	Y
FUN_00430a1d	00430a1d	49	Y
FUN_00430a4e	00430a4e	23	Y
FUN_00430a65	00430a65	137	Y
FUN_00430b90	00430b90	225	Y
FUN_00430cd2	00430cd2	47	Y
OnUpdateFrameTitle	00430d01	68	Y
FUN_00430d45	00430d45	253	Y
FUN_00430e42	00430e42	539	Y
FUN_00431071	00431071	111	Y
FUN_004310e3	004310e3	237	Y
FUN_004311d0	004311d0	122	Y
FUN_0043124a	0043124a	31	Y
FUN_0043127f	0043127f	168	Y
FUN_00431327	00431327	80	Y
BringToTop	00431377	47	Y
FUN_004313a6	004313a6	17	Y
FUN_004313b7	004313b7	42	Y
FUN_004313eb	004313eb	1	Y
FUN_004313ec	004313ec	12	Y
FillSolidRect	00431403	42	Y
FUN_0043142d	0043142d	16	Y
FUN_0043143d	0043143d	15	Y
FUN_0043144c	0043144c	9	Y
FUN_0043149f	0043149f	224	Y
FUN_004315c6	004315c6	56	Y
FUN_004315fe	004315fe	148	Y
GetSectionKey	00431692	70	Y
FUN_004316d8	004316d8	108	Y
FUN_00431744	00431744	274	Y
FUN_00431856	00431856	23	Y
FUN_0043186d	0043186d	27	Y
FUN_00431888	00431888	122	Y
FUN_00431902	00431902	16	Y
FUN_0043191c	0043191c	1	Y
FUN_0043191d	0043191d	12	Y
FUN_00431938	00431938	100	Y
FUN_0043199c	0043199c	27	Y
FUN_004319b7	004319b7	174	Y
FUN_00431a6a	00431a6a	107	Y
FUN_00431ad5	00431ad5	27	Y
FUN_00431af0	00431af0	221	Y
FUN_00431bd7	00431bd7	1	Y
FUN_00431bd8	00431bd8	12	Y
FUN_00431c35	00431c35	27	Y
thunk_FUN_004319b7	00431c50	5	Y
FUN_00431c55	00431c55	38	Y
AfxGetModuleThreadState	00431c7b	23	Y
Unlock	00431c92	53	Y
FUN_00431cc7	00431cc7	9	Y
FUN_00431cd0	00431cd0	27	Y
FUN_00431ceb	00431ceb	234	Y
FUN_00431dd5	00431dd5	28	Y
FUN_00431e35	00431e35	124	Y
FUN_00431eb1	00431eb1	94	Y
FUN_00431f0f	00431f0f	111	Y
FUN_00431f7e	00431f7e	28	Y
FUN_00431f9a	00431f9a	93	Y
FUN_00432020	00432020	190	Y
FUN_004320de	004320de	80	Y
FUN_0043212e	0043212e	47	Y
FUN_0043215d	0043215d	309	Y
FUN_00432292	00432292	60	Y
FUN_004322ce	004322ce	54	Y
FUN_00432314	00432314	1	Y
FUN_00432315	00432315	12	Y
`scalar_deleting_destructor'	00432330	28	Y
FUN_0043234c	0043234c	61	Y
FUN_00432389	00432389	50	Y
FUN_004323c1	004323c1	329	Y
FUN_0043250a	0043250a	303	Y
FUN_00432639	00432639	219	Y
FUN_00432714	00432714	11	Y
FUN_00432725	00432725	177	Y
FUN_004327ec	004327ec	18	Y
FUN_004327fe	004327fe	12	Y
FUN_00432824	00432824	18	Y
FUN_00432836	00432836	12	Y
FUN_004328cc	004328cc	18	Y
FUN_004328de	004328de	12	Y
FUN_00432904	00432904	18	Y
FUN_00432916	00432916	12	Y
FUN_0043292c	0043292c	19	Y
FUN_0043293f	0043293f	75	Y
FUN_0043298a	0043298a	30	Y
FUN_004329a8	004329a8	20	Y
FUN_004329bc	004329bc	66	Y
FUN_004329fe	004329fe	274	Y
FUN_00432b10	00432b10	93	Y
FUN_00432b6d	00432b6d	206	Y
FUN_00432c3b	00432c3b	27	Y
FUN_00432c56	00432c56	7	Y
FUN_00432c5d	00432c5d	136	Y
FUN_00432ce5	00432ce5	89	Y
FUN_00432d3e	00432d3e	119	Y
FUN_00432db5	00432db5	30	Y
FUN_00432dd3	00432dd3	82	Y
~CProcessLocalObject	00432e3e	37	Y
FUN_00432e63	00432e63	26	Y
FUN_00432e83	00432e83	71	Y
FUN_00432eca	00432eca	64	Y
FUN_00432f14	00432f14	1	Y
FUN_00432f15	00432f15	12	Y
FUN_00432f3a	00432f3a	1	Y
FUN_00432f3b	00432f3b	12	Y
FUN_00432f60	00432f60	10	Y
FUN_00432f6a	00432f6a	12	Y
FUN_00432f80	00432f80	48	Y
FUN_00432fb0	00432fb0	34	Y
FUN_00432fd2	00432fd2	155	Y
FUN_0043308d	0043308d	78	Y
FUN_004330db	004330db	112	Y
FUN_0043314b	0043314b	33	Y
FUN_00433178	00433178	141	Y
FUN_00433205	00433205	58	Y
FUN_0043323f	0043323f	28	Y
FUN_0043325b	0043325b	642	Y
FUN_004334dd	004334dd	1135	Y
FUN_0043394c	0043394c	129	Y
FUN_00433a17	00433a17	99	Y
FUN_00433a7a	00433a7a	285	Y
FUN_00433b97	00433b97	86	Y
FUN_00433bf3	00433bf3	55	Y
AfxPostQuitMessage	00433c2a	35	Y
~CWinThread	00433c4d	79	Y
FUN_00433ca6	00433ca6	113	Y
FUN_00433d17	00433d17	178	Y
